classe,amostras,acertos,acuracia,mais_confundida_com,vezes
America,40,38,0.95,Acontecer,1
Espelho,40,38,0.95,Acontecer,1
Amarelo,40,31,0.775,Bala,3
Barulho,40,29,0.725,Cinco,6
Conhecer,40,28,0.7,Aproveitar,5
Acontecer,40,28,0.7,America,5
Esquina,40,28,0.7,Vacina,4
Banco,40,27,0.675,Barulho,4
Sapo,40,27,0.675,Esquina,7
Aproveitar,40,27,0.675,Cinco,6
Aluno,40,26,0.65,Vacina,10
Bala,40,24,0.6,Maca,4
Vontade,40,24,0.6,Conhecer,9
Maca,40,24,0.6,Amarelo,6
Ruim,40,23,0.575,Maca,13
Filho,40,23,0.575,Aproveitar,6
Medo,40,21,0.525,Filho,6
Cinco,40,21,0.525,Aproveitar,5
Vacina,40,20,0.5,Aluno,11
Banheiro,40,16,0.4,Acontecer,6
