real \ previsto,Acontecer,Aluno,Amarelo,America,Aproveitar,Bala,Banco,Banheiro,Barulho,Cinco,Conhecer,Espelho,Esquina,Filho,Maca,Medo,Ruim,Sapo,Vacina,Vontade
Acontecer,28,2,0,5,0,0,1,3,0,0,1,0,0,0,0,0,0,0,0,0
Aluno,0,26,0,0,1,0,0,1,0,0,0,0,0,0,0,2,0,0,10,0
Amarelo,0,0,31,0,0,3,0,0,0,0,1,2,0,0,1,0,0,0,0,2
America,1,0,0,38,0,0,0,0,0,0,0,0,0,0,0,0,1,0,0,0
Aproveitar,0,0,0,0,27,1,0,0,0,6,2,0,0,2,0,1,1,0,0,0
Bala,0,0,0,0,1,24,3,0,0,3,3,0,0,0,4,0,0,0,0,2
Banco,0,0,0,0,1,1,27,0,4,4,0,0,0,0,1,1,1,0,0,0
Banheiro,6,3,0,0,0,0,0,16,0,0,0,0,6,0,0,5,0,2,2,0
Barulho,0,0,0,0,0,0,3,0,29,6,0,2,0,0,0,0,0,0,0,0
Cinco,0,0,1,0,5,1,0,0,2,21,0,2,0,4,2,2,0,0,0,0
Conhecer,0,0,0,0,5,2,0,0,0,0,28,0,0,0,0,1,0,0,0,4
Espelho,1,0,0,0,0,0,0,1,0,0,0,38,0,0,0,0,0,0,0,0
Esquina,1,2,0,0,0,0,0,3,0,0,0,0,28,0,0,1,0,1,4,0
Filho,4,0,0,0,6,0,0,1,0,0,2,0,0,23,0,4,0,0,0,0
Maca,0,0,6,1,0,0,0,0,0,0,1,1,0,0,24,0,6,0,0,1
Medo,0,1,0,0,2,0,1,0,0,2,0,2,0,6,0,21,0,0,5,0
Ruim,0,0,0,3,0,0,0,0,0,0,0,0,0,0,13,0,23,0,0,1
Sapo,0,0,0,1,0,0,0,5,0,0,0,0,7,0,0,0,0,27,0,0
Vacina,0,11,0,0,0,0,0,1,0,0,2,0,0,0,0,4,0,0,20,2
Vontade,1,0,2,0,3,0,1,0,0,0,9,0,0,0,0,0,0,0,0,24
