real,previsto,contagem,pct_da_classe_real
Ruim,Maca,13,32.5
Vacina,Aluno,11,27.5
Aluno,Vacina,10,25.0
Vontade,Conhecer,9,22.5
Sapo,Esquina,7,17.5
Banheiro,Acontecer,6,15.0
Filho,Aproveitar,6,15.0
Barulho,Cinco,6,15.0
Banheiro,Esquina,6,15.0
Maca,Ruim,6,15.0
Medo,Filho,6,15.0
Maca,Amarelo,6,15.0
Aproveitar,Cinco,6,15.0
Acontecer,America,5,12.5
Medo,Vacina,5,12.5
Conhecer,Aproveitar,5,12.5
Banheiro,Medo,5,12.5
Cinco,Aproveitar,5,12.5
Sapo,Banheiro,5,12.5
Bala,Maca,4,10.0
Banco,Cinco,4,10.0
Banco,Barulho,4,10.0
Cinco,Filho,4,10.0
Filho,Acontecer,4,10.0
Esquina,Vacina,4,10.0
Conhecer,Vontade,4,10.0
Vacina,Medo,4,10.0
Filho,Medo,4,10.0
Bala,Banco,3,7.5
Ruim,America,3,7.5
Bala,Conhecer,3,7.5
Bala,Cinco,3,7.5
Amarelo,Bala,3,7.5
Acontecer,Banheiro,3,7.5
Barulho,Banco,3,7.5
Banheiro,Aluno,3,7.5
Esquina,Banheiro,3,7.5
Vontade,Aproveitar,3,7.5
Cinco,Barulho,2,5.0
Medo,Aproveitar,2,5.0
Medo,Espelho,2,5.0
Medo,Cinco,2,5.0
Vontade,Amarelo,2,5.0
Vacina,Vontade,2,5.0
Vacina,Conhecer,2,5.0
Cinco,Medo,2,5.0
Esquina,Aluno,2,5.0
Conhecer,Bala,2,5.0
Cinco,Espelho,2,5.0
Banheiro,Vacina,2,5.0
Bala,Vontade,2,5.0
Aluno,Medo,2,5.0
Amarelo,Vontade,2,5.0
Amarelo,Espelho,2,5.0
Aproveitar,Filho,2,5.0
Aproveitar,Conhecer,2,5.0
Acontecer,Aluno,2,5.0
Filho,Conhecer,2,5.0
Banheiro,Sapo,2,5.0
Cinco,Maca,2,5.0
Barulho,Espelho,2,5.0
Amarelo,Conhecer,1,2.5
Amarelo,Maca,1,2.5
America,Acontecer,1,2.5
America,Ruim,1,2.5
Aproveitar,Bala,1,2.5
Banco,Medo,1,2.5
Banco,Maca,1,2.5
Banco,Aproveitar,1,2.5
Banco,Bala,1,2.5
Aproveitar,Ruim,1,2.5
Aproveitar,Medo,1,2.5
Bala,Aproveitar,1,2.5
Aluno,Aproveitar,1,2.5
Aluno,Banheiro,1,2.5
Acontecer,Banco,1,2.5
Acontecer,Conhecer,1,2.5
Banco,Ruim,1,2.5
Espelho,Acontecer,1,2.5
Conhecer,Medo,1,2.5
Cinco,Amarelo,1,2.5
Cinco,Bala,1,2.5
Esquina,Sapo,1,2.5
Esquina,Medo,1,2.5
Esquina,Acontecer,1,2.5
Espelho,Banheiro,1,2.5
Filho,Banheiro,1,2.5
Maca,America,1,2.5
Maca,Conhecer,1,2.5
Maca,Espelho,1,2.5
Medo,Aluno,1,2.5
Maca,Vontade,1,2.5
Medo,Banco,1,2.5
Ruim,Vontade,1,2.5
Vacina,Banheiro,1,2.5
Sapo,America,1,2.5
Vontade,Acontecer,1,2.5
Vontade,Banco,1,2.5
